youtube.com,466404108
facebook.com,350999935
wikipedia.org,283479829
reddit.com,258802540
instagram.com,240649042
tiktok.com,218303642
pinterest.com,176013594
quora.com,136035257
amazon.com,128369802
linkedin.com,109483550
twitter.com,107818447
google.com,102425495
ebay.com,83686418
apple.com,77123288
etsy.com,73458970
fandom.com,68990983
yahoo.com,60788385
yelp.com,60767703
wordpress.com,60154614
walmart.com,57430402
indeed.com,49144462
imdb.com,44608634
tripadvisor.com,44229399
nih.gov,43903153
nytimes.com,42487501
mapquest.com,40526089
aliexpress.com,39024074
medium.com,38749635
britannica.com,37680908
scribd.com,37093173
spotify.com,37025380
shutterstock.com,35434898
researchgate.net,33704760
forbes.com,32681627
microsoft.com,30353526
sciencedirect.com,29114909
stackexchange.com,28701106
cambridge.org,28132130
x.com,28006621
theguardian.com,27278875
alamy.com,26641438
target.com,26587871
bbc.com,26526994
booking.com,26251840
wiktionary.org,24755749
alibaba.com,24245189
businessinsider.com,23992183
indiatimes.com,23484612
wikihow.com,23280312
healthline.com,23266673
amazon.co.uk,22872256
webmd.com,22631219
foursquare.com,22613711
istockphoto.com,22415867
usatoday.com,22071399
adobe.com,22014709
reverso.net,21986659
merriam-webster.com,21899821
dailymotion.com,21580443
flickr.com,21012443
collinsdictionary.com,20965850
mayoclinic.org,20547845
yellowpages.com,20253153
trip.com,20196668
waze.com,19853199
clevelandclinic.org,19819511
bbc.co.uk,19240373
study.com,19053188
soundcloud.com,18748988
cnn.com,18687314
medicalnewstoday.com,18678853
github.com,18661846
msn.com,18058238
gettyimages.com,18026838
homedepot.com,17677610
screenrant.com,17671784
threads.net,17105579
flipkart.com,16564423
ebay.co.uk,16462759
usnews.com,16291228
yahoo.co.jp,15743389
cnet.com,15721984
dictionary.com,15619010
wordreference.com,15560270
freepik.com,15540507
amazon.de,15500621
hotels.com,15198425
amazon.in,14955228
cbsnews.com,14560611
nextdoor.com,14530742
tumblr.com,14516717
ign.com,14353637
deviantart.com,14138006
bab.la,13986310
slideshare.net,13800688
agoda.com,13707722
dreamstime.com,13660314
justanswer.com,13504228
byjus.com,13469421
rottentomatoes.com,13369200
justdial.com,13300230
springer.com,13295902
goodreads.com,13275715
geeksforgeeks.org,13221806
genius.com,13185839
netflix.com,13086853
yandex.ru,13039209
rome2rio.com,12901834
moovitapp.com,12899844
goodhousekeeping.com,12807704
harvard.edu,12766205
www.nhs.uk,12722250
verywellhealth.com,12370354
indiamart.com,12343826
ca.gov,12342279
vocabulary.com,12336408
hindustantimes.com,12238105
medlineplus.gov,12070653
redbubble.com,11993002
expedia.com,11973722
ikea.com,11907003
wikiwand.com,11723202
europa.eu,11627866
lowes.com,11603470
independent.co.uk,11564725
wikimedia.org,11453465
glassdoor.com,11442246
issuu.com,11265353
dailymail.co.uk,11221747
sportskeeda.com,11220485
stackoverflow.com,11143595
amazon.ca,11071264
washingtonpost.com,11061076
cosmopolitan.com,11044147
gamespot.com,10922828
nature.com,10908826
thefreedictionary.com,10898227
investopedia.com,10887481
steamcommunity.com,10880170
canva.com,10871543
gamerant.com,10806674
wiley.com,10776035
today.com,10764473
weebly.com,10723730
npr.org,10675986
oup.com,10666745
ziprecruiter.com,10624043
costco.com,10616050
yourdictionary.com,10471948
com.be,10410193
ubereats.com,10409379
bbb.org,10333533
amazon.fr,10276624
tvtropes.org,10261138
bestbuy.com,10229542
pixabay.com,10056977
people.com,9925834
rakuten.co.jp,9898972
restaurantguru.com,9861988
zillow.com,9829085
archive.org,9738230
company-information.service.gov.uk,9725188
buzzfeed.com,9705926
reuters.com,9681865
espn.com,9584074
craigslist.org,9510083
economictimes.com,9471798
zoominfo.com,9431485
cbr.com,9401434
jstor.org,9296747
namu.wiki,9250543
pcmag.com,9174089
tripadvisor.co.uk,8989036
made-in-china.com,8984544
infobae.com,8980649
trustpilot.com,8979165
telegraph.co.uk,8950733
techradar.com,8900061
poshmark.com,8868893
softonic.com,8819087
ameblo.jp,8783395
allrecipes.com,8773249
wordhippo.com,8745203
latimes.com,8718285
academia.edu,8709686
bing.com,8681017
vecteezy.com,8644300
oxfordlearnersdictionaries.com,8583865
kayak.com,8564622
msdmanuals.com,8545796
variety.com,8537071
nbcnews.com,8531894
nypost.com,8522512
www.gov.uk,8511028
studocu.com,8464821
amazon.co.jp,8436330
cdc.gov,8428626
samsung.com,8352557
tvguide.com,8347311
steampowered.com,8331609
go.com,8319115
timeout.com,8291183
globo.com,8268710
collider.com,8250149
wattpad.com,8245729
temu.com,8226838
thesaurus.com,8177193
primevideo.com,8171723
themoviedb.org,8166122
lefigaro.fr,8131291
shein.com,8106460
wired.com,8063681
hopkinsmedicine.org,8045803
ebay.de,8020399
marriott.com,8002137
realtor.com,7994500
dnb.com,7946723
canada.ca,7905660
last.fm,7887155
si.com,7885751
makemytrip.com,7865828
testbook.com,7815611
uol.com.br,7799711
as.com,7787496
hollywoodreporter.com,7759292
apnews.com,7737476
time.com,7730443
tomsguide.com,7660034
shabdkosh.com,7649325
elle.com,7629021
naver.com,7572014
parade.com,7512243
boomplay.com,7506857
macys.com,7504853
indianexpress.com,7482028
deezer.com,7462970
elpais.com,7459721
medicinenet.com,7458679
oed.com,7441181
doordash.com,7414054
ny.gov,7407634
hm.com,7392289
lemon8-app.com,7350636
cnbc.com,7323153
quizlet.com,7305276
ouest-france.fr,7298152
tenor.com,7235214
thegamer.com,7216140
justwatch.com,7107688
bloomberg.com,7106932
kleinanzeigen.de,7091822
travelocity.com,7066745
discogs.com,7063455
pbs.org,7018405
theconversation.com,6978848
newsweek.com,6961016
mercadolivre.com.br,6953159
groupon.com,6939035
glosbe.com,6938153
mercari.com,6933929
aol.com,6930776
johnlewis.com,6832433
medscape.com,6786253
brainly.com,6768072
answers.com,6760759
khanacademy.org,6732737
allevents.in,6725801
lavanguardia.com,6718846
news18.com,6695159
rocketreach.co,6693743
tandfonline.com,6692834
nordstrom.com,6676779
texas.gov,6674564
barnesandnoble.com,6658997
cornell.edu,6608167
toppr.com,6589294
ew.com,6587799
mdpi.com,6560176
uptodown.com,6536269
tokopedia.com,6526277
digitaltrends.com,6525221
rollingstone.com,6508988
usda.gov,6480945
gutefrage.net,6471616
brainly.in,6436746
ebay.ca,6434877
ndtv.com,6406952
unsplash.com,6400537
accuweather.com,6383259
crunchbase.com,6382292
instructables.com,6369414
who.int,6360902
substack.com,6346721
amazon.com.au,6340028
kidshealth.org,6308872
health.com,6289394
musixmatch.com,6285795
depositphotos.com,6284929
asos.com,6267538
letras.com,6266577
statista.com,6255127
travelweekly.com,6214878
thehindu.com,6203077
wikidata.org,6186977
amazon.es,6185493
healthdirect.gov.au,6161701
umich.edu,6139617
india.com,6136057
shazam.com,6123535
amazon.com.br,6106022
line.me,6105541
cookpad.com,6097204
redfin.com,6095714
ranker.com,6093738
jooble.org,6086948
cbc.ca,6081262
wayfair.com,6080508
mountsinai.org,6074651
airbnb.com,6062454
vedantu.com,6061752
biomedcentral.com,6037088
howstuffworks.com,6033659
ldoceonline.com,6017446
detik.com,6004635
hinative.com,6004209
apkpure.com,5993183
indiatoday.in,5989004
gamesradar.com,5985839
frontiersin.org,5966137
pagesjaunes.fr,5965508
libretexts.org,5963500
un.org,5943543
hubpages.com,5930814
thesun.co.uk,5906310
mit.edu,5906017
marca.com,5898703
mercadolibre.com.mx,5895973
prom.ua,5892816
nsw.gov.au,5891088
thespruce.com,5868736
goo.ne.jp,5864028
theknot.com,5863903
bandcamp.com,5827663
alberta.ca,5822703
metacritic.com,5816585
southernliving.com,5812019
stanford.edu,5801063
tistory.com,5797774
chegg.com,5795202
foodnetwork.com,5762047
mumsnet.com,5759860
theverge.com,5758456
manta.com,5747814
commonsensemedia.org,5720800
bbcgoodfood.com,5720474
menshealth.com,5718898
billboard.com,5686737
betterhealth.vic.gov.au,5681475
thoughtco.com,5676807
goodrx.com,5669939
makeuseof.com,5656015
express.co.uk,5652613
standard.co.uk,5651029
kroger.com,5647908
note.com,5614240
pons.com,5607625
city-data.com,5606600
esquire.com,5599700
olx.ua,5596257
countryliving.com,5589440
kohls.com,5562365
eventbrite.com,5552092
orbitz.com,5531190
womenshealthmag.com,5526339
vogue.com,5497200
realsimple.com,5493270
thekitchn.com,5481561
mundodeportivo.com,5468275
wa.gov,5455400
urbandictionary.com,5451593
superpages.com,5446752
shopee.com.br,5420956
pexels.com,5408758
pngtree.com,5405547
mirror.co.uk,5405255
nike.com,5401349
zara.com,5394427
apartments.com,5391859
amazon.it,5386266
rozetka.com.ua,5375333
ebay.com.au,5370420
lemonde.fr,5368423
wsj.com,5348808
loc.gov,5347048
shopee.co.id,5345852
viator.com,5277644
prnewswire.com,5270230
nymag.com,5270196
patch.com,5260784
aminoapps.com,5258453
kompas.com,5235675
fnac.com,5219452
traveloka.com,5218940
livemint.com,5213495
opentable.com,5204761
leboncoin.fr,5194243
sportingnews.com,5186148
everydayhealth.com,5183402
radiotimes.com,5161026
nasa.gov,5156675
sagepub.com,5156312
bhg.com,5155285
abc.net.au,5130138
goal.com,5126933
deadline.com,5118122
semanticscholar.org,5111457
lifewire.com,5097937
tasteofhome.com,5089297
harpersbazaar.com,5082389
abplive.com,5068395
behance.net,5056184
food.com,5046958
tribunnews.com,5045117
business-standard.com,5035011
thepioneerwoman.com,5030115
vulture.com,5001617
aarp.org,4962288
playstation.com,4961040
popsugar.com,4955417
consumerreports.org,4953214
hubspot.com,4949906
magazineluiza.com.br,4949622
rateyourmusic.com,4945136
letterboxd.com,4935097
cvs.com,4933344
ultimate-guitar.com,4923756
letras.mus.br,4920573
mashable.com,4894362
klook.com,4886695
cancer.gov,4882997
elespanol.com,4876587
polygon.com,4855724
state.gov,4841462
weather.com,4827881
psu.edu,4814017
uptodate.com,4796835
liputan6.com,4791498
huffpost.com,4787008
travelandleisure.com,4772284
nationalgeographic.com,4769415
elmundo.es,4768496
pngwing.com,4761998
sofascore.com,4760535
samsclub.com,4758741
wordnik.com,4757267
argos.co.uk,4756416
dw.com,4746058
diy.com,4740586
nps.gov,4737018
teacherspayteachers.com,4734075
picclick.com,4732487
grubhub.com,4731101
movieweb.com,4726727
aaa.com,4722970
instacart.com,4715367
healthgrades.com,4703525
techtarget.com,4696881
vk.com,4694734
mubi.com,4681598
vectorstock.com,4676788
va.gov,4668791
investing.com,4665304
cntraveler.com,4665230
cdiscount.com,4657026
rakuten.com,4654724
wise.com,4653847
mercadolibre.com.ar,4652585
yumpu.com,4614582
shopify.com,4607331
seriouseats.com,4606232
plex.tv,4604536
trulia.com,4602068
kumparan.com,4594734
fodors.com,4588260
jagran.com,4585268
hinkhoj.com,4583664
prezi.com,4575919
foxnews.com,4573276
umn.edu,4568165
ft.com,4565871
farfetch.com,4564553
timeanddate.com,4560515
iheart.com,4555789
glamour.com,4533957
timesnownews.com,4527859
nerdwallet.com,4525835
caranddriver.com,4524231
archiveofourown.org,4520452
jiosaavn.com,4519094
ibm.com,4518026
alltrails.com,4504706
tripadvisor.ca,4499074
vrbo.com,4495488
masterclass.com,4490160
homes.com,4486931
metro.co.uk,4481133
foxsports.com,4441457
xbox.com,4436896
menards.com,4436568
drugs.com,4426297
wanderlog.com,4411642
javatpoint.com,4405797
encyclopedia.com,4404637
yelp.ca,4400370
walmart.ca,4396568
houzz.com,4368298
salary.com,4362460
thespruceeats.com,4361728
prtimes.jp,4361189
trendyol.com,4354157
fda.gov,4353154
refinery29.com,4335264
columbia.edu,4322050
mynavi.jp,4312431
twitch.tv,4303611
abebooks.com,4296071
trivago.com,4272678
20minutos.es,4263787
justia.com,4252862
bmj.com,4251576
jamanetwork.com,4250383
rd.com,4243256
bol.com,4241027
pngegg.com,4232016
lonelyplanet.com,4227555
dickssportinggoods.com,4225710
aptoide.com,4216642
byrdie.com,4215275
dexerto.com,4207473
filmaffinity.com,4200021
mercadolibre.com.co,4197158
mappy.com,4195594
lawinsider.com,4190972
otto.de,4171227
livescience.com,4170598
thetimes.com,4167790
moneycontrol.com,4163804
dzen.ru,4159196
kiddle.co,4139178
next.co.uk,4135999
walgreens.com,4135037
kwai.com,4131320
linguee.com,4118467
nyc.gov,4117274
powerthesaurus.org,4109613
vocal.media,4104172
ufl.edu,4103579
euronews.com,4101499
wondershare.com,4099176
angi.com,4092739
blibli.com,4084191
giphy.com,4083979
eater.com,4083038
digitalspy.com,4081892
squarespace.com,4080748
gardenweb.com,4073540
meesho.com,4069209
terra.com.br,4050320
loopnet.com,4040826
si.edu,4038741
marthastewart.com,4035345
metafilter.com,4034614
hamariweb.com,4030374
ebay.fr,4026823
navitime.co.jp,4022627
psychologytoday.com,4022543
idealo.de,4021021
zdnet.com,4011429
edmunds.com,4010615
howtogeek.com,4007336
jagranjosh.com,4004778
marksandspencer.com,4000513
zippia.com,4000335
rochester.edu,3995845
kbb.com,3994309
foodandwine.com,3990349
superuser.com,3983025
docomo.ne.jp,3957536
tuasaude.com,3953274
eonline.com,3952840
vinmec.com,3951154
lumenlearning.com,3950847
goibibo.com,3946405
scmp.com,3925323
nhsinform.scot,3912103
123rf.com,3901644
gq.com,3901552
hilton.com,3897237
tripadvisor.in,3897223
eatingwell.com,3895934
virginia.gov,3883506
americanas.com.br,3881040
newyorker.com,3876416
bleacherreport.com,3875604
cbssports.com,3874529
tvinsider.com,3873371
amazon.com.mx,3861170
ck12.org,3849485
fiveable.me,3845067
definitions.net,3839101
hp.com,3837378
epicentrk.ua,3836847
wisc.edu,3829300
aljazeera.com,3827342
lanacion.com.ar,3827153
famousbirthdays.com,3813022
berkeley.edu,3806077
langeek.co,3803103
abc.es,3796196
reserving.com,3793881
tureng.com,3791794
history.com,3776203
the-independent.com,3763557
vice.com,3763090
tripadvisor.co,3760421
bilibili.tv,3755829
tripadvisor.fr,3751910
almaany.com,3739292
yell.com,3735259
pressbooks.pub,3735158
findmeglutenfree.com,3723511
ozon.ru,3723195
michaels.com,3717714
rogerebert.com,3716572
cars.com,3708847
clarin.com,3701473
sky.com,3689819
rae.es,3684308
marketwatch.com,3681159
mozilla.org,3678551
livestrong.com,3671804
bringfido.com,3667955
noaa.gov,3664581
legacy.com,3657336
omnicalculator.com,3656591
skysports.com,3654679
mass.gov,3645945
olympics.com,3643762
unacademy.com,3639032
azlyrics.com,3638970
lyst.com,3636113
patient.info,3629856
kaiserpermanente.org,3629571
ubuy.com,3623769
yale.edu,3623731
hotelplanner.com,3619761
simplyhired.com,3611249
spanishdict.com,3606605
livejournal.com,3580239
amarujala.com,3567387
unirioja.es,3559534
comicbook.com,3557224
purdue.edu,3556460
upenn.edu,3552295
pitchbook.com,3547139
hrs.com,3543085
usmagazine.com,3539451
carfax.com,3531490
getyourguide.com,3528503
smule.com,3526022
chron.com,3523803
delish.com,3503005
primark.com,3502099
ctvnews.ca,3498404
priceline.com,3495942
kakaku.com,3488326
leparisien.fr,3480814
cinemablend.com,3480153
tabelog.com,3478866
myntra.com,3467802
zmenu.com,3467599
shiksha.com,3467478
hgtv.com,3466602
fortune.com,3465821
ea.com,3463702
francetvinfo.fr,3463659
momondo.com,3455492
wordwall.net,3449906
roku.com,3444701
michelin.com,3439424
tripadvisor.de,3435947
mapcarta.com,3432928
hotelscombined.com,3430826
coursehero.com,3430380
newegg.com,3424884
apa.org,3422892
larousse.fr,3421633
firstcry.com,3420357
purewow.com,3418246
pcgamer.com,3415689
news-medical.net,3410643
oracle.com,3407476
lastminute.com,3397327
forvo.com,3396741
idntimes.com,3395132
my-best.com,3391724
rent.com,3387620
cylex-uk.co.uk,3381603
wordsmyth.net,3381502
nintendo.com,3372102
in.gov,3369508
casetext.com,3368108
pa.gov,3360120
the-sun.com,3354870
ihg.com,3354675
doubtnut.com,3353063
osu.edu,3350180
translated.net,3342980
pixnet.net,3342929
planetofhotels.com,3342843
food52.com,3341755
nikkei.com,3334062
dell.com,3333376
epa.gov,3331846
unam.mx,3329291
bigw.com.au,3319499
livehindustan.com,3308606
ucdavis.edu,3305044
restaurantji.com,3297906
subito.it,3297565
verizon.com,3292627
vox.com,3292003
focus.de,3291647
heb.com,3290908
tesco.com,3289677
spiceworks.com,3287766
tutorialspoint.com,3280526
lenovo.com,3278724
dhgate.com,3277619
chip.de,3277589
abril.com.br,3275010
fc2.com,3273528
stern.de,3271669
asda.com,3270890
pennmedicine.org,3269699
architecturaldigest.com,3264166
skyscanner.net,3262667
housebeautiful.com,3260589
babycenter.com,3259150
merckmanuals.com,3255314
bonappetit.com,3247690
thebump.com,3247431
t-online.de,3244157
momjunction.com,3239552
oxfordreference.com,3239117
zendesk.com,3230990
resetera.com,3224040
scielo.br,3220449
bartleby.com,3213102
rei.com,3212517
ox.ac.uk,3207536
nj.gov,3196237
prevention.com,3186738
michigan.gov,3181936
menupix.com,3175770
ukr.net,3175639
smh.com.au,3172801
bunnings.com.au,3169400
hse.ie,3166635
eurogamer.net,3166222
lww.com,3160755
gaana.com,3157908
coursera.org,3155763
corriere.it,3150701
wego.com,3150692
illinois.edu,3150599
canadiantire.ca,3147703
familyhandyman.com,3147232
arcgis.com,3146306
lyrics.com,3141224
1stdibs.com,3139244
lazada.co.id,3138633
aajtak.in,3138313
aiscore.com,3135257
maryland.gov,3134407
tractorsupply.com,3127935
elconfidencial.com,3127750
acehardware.com,3125558
herzindagi.com,3124291
seamless.com,3121751
uchicago.edu,3113650
dribbble.com,3110486
daum.net,3109450
irs.gov,3108513
hotwire.com,3099267
www.gob.mx,3097132
prokerala.com,3091490
bankrate.com,3088516
data.gouv.fr,3084071
allegro.pl,3082295
verywellmind.com,3077247
msu.edu,3074667
cargurus.com,3073680
postmates.com,3071903
unc.edu,3071092
elcomercio.pe,3067400
yellowpages.ca,3066515
ancestry.com,3065288
elcorteingles.es,3064855
self.com,3063608
vaia.com,3062490
motortrend.com,3051743
worldatlas.com,3050237
cylex.us.com,3049411
utah.edu,3048100
wikivoyage.org,3046801
illinois.gov,3043603
actu.fr,3039878
glamourmagazine.co.uk,3039194
usembassy.gov,3038624
mensjournal.com,3038137
allmusic.com,3031708
androidauthority.com,3028611
ieee.org,3026372
ycombinator.com,3025173
simplyrecipes.com,3022078
ucla.edu,3018775
spiegel.de,3015061
chordify.net,3007896
smithsonianmag.com,3007090
bfmtv.com,2999006
grammarly.com,2996522
kompass.com,2995272
jbhifi.com.au,2991866
tkmaxx.com,2991272
verywellfit.com,2991011
allure.com,2989714
noon.com,2985704
cmac.ws,2976831
businesswire.com,2976563
mnemonicdictionary.com,2973641
20minutes.fr,2971529
washington.edu,2970505
olx.com.br,2968885
boots.com,2963227
expedia.co.uk,2962142
etymonline.com,2961167
lyricstranslate.com,2960844
libguides.com,2956631
ebay.it,2956316
jalan.net,2949898
giftly.com,2945799
aafp.org,2944250
imgur.com,2944085
thewrap.com,2934042
shopee.com.my,2933704
mo.gov,2932789
fandango.com,2932587
tradingview.com,2926730
okdiario.com,2921428
findlaw.com,2918610
churchofjesuschrist.org,2916689
cuemath.com,2909685
deepl.com,2907840
pixiv.net,2901932
bustle.com,2900496
news.com.au,2894168
ed.gov,2891643
youm7.com,2888923
cedars-sinai.org,2887440
jcpenney.com,2883007
allocine.fr,2878426
army.mil,2874062
state.mn.us,2871812
ct.gov,2871720
nme.com,2865366
financialexpress.com,2860707
fredmeyer.com,2855637
theatlantic.com,2849499
dillards.com,2843817
moneysavingexpert.com,2840870
instyle.com,2840283
bhphotovideo.com,2840158
naukri.com,2840029
lazada.com.ph,2837864
stylecraze.com,2836541
t.me,2835667
holidify.com,2835459
bhaskar.com,2834177
worldbank.org,2828775
w3schools.com,2827094
pikiran-rakyat.com,2825990
acs.org,2824544
autozone.com,2821835
howtopronounce.com,2818393
smythstoys.com,2815534
biglobe.ne.jp,2812234
americanexpress.com,2804988
cvent.com,2804783
udn.com,2803126
journaldesfemmes.fr,2798627
tripadvisor.es,2798375
globalnews.ca,2797563
carousell.sg,2795946
tastingtable.com,2792757
bloomingdales.com,2788992
univision.com,2784176
jdpower.com,2784032
slate.com,2781834
ticketmaster.com,2781295
utexas.edu,2780716
hellomagazine.com,2777275
nj.com,2776023
nexusmods.com,2774673
grid.id,2774041
freepik.es,2767120
casasbahia.com.br,2765730
familysearch.org,2765352
vimeo.com,2764606
ncsu.edu,2763684
fresha.com,2761049
lego.com,2759303
eksisozluk.com,2758885
uniqlo.com,2753680
teenvogue.com,2753304
onelook.com,2746969
zazzle.com,2743752
faz.net,2741146
songfacts.com,2735501
365scores.com,2730185
streetdirectory.com,2729353
offerup.com,2729042
free.fr,2724012
ohio.gov,2721113
mapion.co.jp,2720571
parents.com,2719754
ricksteves.com,2717728
cozycozy.com,2717606
tripadvisor.it,2715601
oregon.gov,2711346
pappers.fr,2708949
rutube.ru,2704492
tripadvisor.com.au,2697557
weddingwire.com,2696927
mlb.com,2695693
seek.com.au,2694182
unesco.org,2689050
linternaute.com,2687149
sirved.com,2686761
nasdaq.com,2686089
ingles.com,2683930
gotquestions.org,2681611
shafa.ua,2677773
francebleu.fr,2674635
cnnbrasil.com.br,2674061
biblestudytools.com,2667894
petmd.com,2667857
singleplatform.com,2667267
epicurious.com,2661661
decider.com,2660699
alamy.de,2659498
welt.de,2656876
hotpepper.jp,2656214
lovetoknow.com,2656168
quillbot.com,2655628
sainsburys.co.uk,2655180
wikiquote.org,2653816
t-mobile.com,2653252
homesandgardens.com,2650899
pinkvilla.com,2649402
stockx.com,2648876
myer.com.au,2648483
dot.gov,2645781
toasttab.com,2645361
usgs.gov,2645049
beebom.com,2644476
tamu.edu,2642805
weather.gov,2641420
gymglish.com,2641145
roadtrippers.com,2640863
pcgamesn.com,2639390
physio-pedia.com,2638307
bild.de,2638021
marketscreener.com,2634518
crosswordsolver.com,2627353
redflagdeals.com,2623147
hola.com,2621631
niche.com,2620804
leverageedu.com,2620611
meinestadt.de,2614829
tempo.co,2604451
chicagotribune.com,2603446
eltiempo.com,2603256
very.co.uk,2601248
ulta.com,2600433
www.gov.br,2599997
tsn.ua,2597786
komoot.com,2594516
apkpure.net,2593659
untappd.com,2591969